{"data_name": "task2", "model_name": "Masked-2KTweets-ConfliBERT-scr-cased", "seed": 123, "train_batch_size": 8, "epochs": 5, "result": {"mcc": -0.1660866033807574, "tp": 264.0, "tn": 572.0, "fp": 604.0, "fn": 502.0, "auroc": 0.4130366245714997, "auprc": 0.3615254832160327, "eval_loss": 0.7604307883070329, "acc": 0.43048403707518024, "prec_micro": 0.43048403707518024, "prec_macro": 0.41836795990697595, "rec_micro": 0.43048403707518024, "rec_macro": 0.4155210387026873, "f1_micro": 0.43048403707518024, "f1_macro": 0.4157889296885625}}
{"data_name": "task2", "model_name": "Masked-2KTweets-ConfliBERT-scr-uncased", "seed": 123, "train_batch_size": 8, "epochs": 5, "result": {"mcc": 0.4637013678179425, "tp": 278.0, "tn": 1153.0, "fp": 23.0, "fn": 488.0, "auroc": 0.6408955880002132, "auprc": 0.689856074303245, "eval_loss": 1.8732089474816411, "acc": 0.7368692070030896, "prec_micro": 0.7368692070030896, "prec_macro": 0.8131041966550661, "rec_micro": 0.7368692070030896, "rec_macro": 0.6716832294275412, "f1_micro": 0.7368692070030897, "f1_macro": 0.6698442546076024}}
{"data_name": "task2", "model_name": "Masked-2KTweets-ConfliBERT-cont-cased", "seed": 123, "train_batch_size": 8, "epochs": 5, "result": {"mcc": 0.45945522819610823, "tp": 258.0, "tn": 1163.0, "fp": 13.0, "fn": 508.0, "auroc": 0.7080213939361646, "auprc": 0.7305562177845811, "eval_loss": 1.6494566575468828, "acc": 0.731719876416066, "prec_micro": 0.731719876416066, "prec_macro": 0.8240099725952377, "rec_micro": 0.731719876416066, "rec_macro": 0.662880099820607, "f1_micro": 0.7317198764160661, "f1_macro": 0.6572947754305993}}
{"data_name": "task2", "model_name": "Masked-2KTweets-ConfliBERT-cont-uncased", "seed": 123, "train_batch_size": 8, "epochs": 5, "result": {"mcc": 0.5130848837563555, "tp": 336.0, "tn": 1144.0, "fp": 32.0, "fn": 430.0, "auroc": 0.7246951652723753, "auprc": 0.7505868876090332, "eval_loss": 1.5398405047117756, "acc": 0.7621009268795057, "prec_micro": 0.7621009268795057, "prec_macro": 0.8199270758521628, "rec_micro": 0.7621009268795057, "rec_macro": 0.7057157066481945, "f1_micro": 0.7621009268795057, "f1_macro": 0.7122962962962963}}
{"data_name": "task2", "model_name": "ConfliBERT-scr-cased", "seed": 123, "train_batch_size": 8, "epochs": 5, "result": {"mcc": 0.3920103040007737, "tp": 222.0, "tn": 1150.0, "fp": 26.0, "fn": 544.0, "auroc": 0.7054126480879559, "auprc": 0.6900741169342863, "eval_loss": 1.4167693032319715, "acc": 0.7064881565396498, "prec_micro": 0.7064881565396498, "prec_macro": 0.7870139391400388, "rec_micro": 0.7064881565396498, "rec_macro": 0.6338541944192821, "f1_micro": 0.7064881565396498, "f1_macro": 0.6196317753541019}}
{"data_name": "task2", "model_name": "ConfliBERT-scr-uncased", "seed": 123, "train_batch_size": 8, "epochs": 5, "result": {"mcc": 0.41849802641199824, "tp": 266.0, "tn": 1135.0, "fp": 41.0, "fn": 500.0, "auroc": 0.7046844194596898, "auprc": 0.6933509340124988, "eval_loss": 1.2581383689122712, "acc": 0.7214212152420185, "prec_micro": 0.7214212152420185, "prec_macro": 0.7803195569235674, "rec_micro": 0.7214212152420185, "rec_macro": 0.6561972700307277, "f1_micro": 0.7214212152420185, "f1_macro": 0.6516739755248571}}
{"data_name": "task2", "model_name": "ConfliBERT-cont-cased", "seed": 123, "train_batch_size": 8, "epochs": 5, "result": {"mcc": 0.42158541311238024, "tp": 257.0, "tn": 1143.0, "fp": 33.0, "fn": 509.0, "auroc": 0.7235750697145699, "auprc": 0.7146401218966166, "eval_loss": 1.6594625034543433, "acc": 0.7209062821833162, "prec_micro": 0.7209062821833162, "prec_macro": 0.7890477582032228, "rec_micro": 0.7209062821833162, "rec_macro": 0.6537239569457026, "f1_micro": 0.7209062821833162, "f1_macro": 0.6475437722343663}}
{"data_name": "task2", "model_name": "ConfliBERT-cont-uncased", "seed": 123, "train_batch_size": 8, "epochs": 5, "result": {"mcc": 0.44375395025292075, "tp": 286.0, "tn": 1136.0, "fp": 40.0, "fn": 480.0, "auroc": 0.6756118896644819, "auprc": 0.7019081796836373, "eval_loss": 1.618751043323025, "acc": 0.7322348094747683, "prec_micro": 0.7322348094747683, "prec_macro": 0.7901354552633177, "rec_micro": 0.7322348094747683, "rec_macro": 0.6696772703859611, "f1_micro": 0.7322348094747683, "f1_macro": 0.6687815527357075}}
{"data_name": "task2", "model_name": "bert-base-cased", "seed": 123, "train_batch_size": 8, "epochs": 5, "result": {"mcc": 0.4435836491431704, "tp": 297.0, "tn": 1128.0, "fp": 48.0, "fn": 469.0, "auroc": 0.7152204223726044, "auprc": 0.713810904937051, "eval_loss": 1.4590368402485616, "acc": 0.7337796086508754, "prec_micro": 0.7337796086508754, "prec_macro": 0.7835969616944816, "rec_micro": 0.7337796086508754, "rec_macro": 0.6734560664997069, "f1_micro": 0.7337796086508754, "f1_macro": 0.6741063936902165}}
{"data_name": "task2", "model_name": "bert-base-uncased", "seed": 123, "train_batch_size": 8, "epochs": 5, "result": {"mcc": 0.4636214865107798, "tp": 260.0, "tn": 1164.0, "fp": 12.0, "fn": 506.0, "auroc": 0.7555721701213123, "auprc": 0.750883282790941, "eval_loss": 1.6989274068552054, "acc": 0.733264675592173, "prec_micro": 0.733264675592173, "prec_macro": 0.8264441704825642, "rec_micro": 0.733264675592173, "rec_macro": 0.6646107529173549, "f1_micro": 0.733264675592173, "f1_macro": 0.65947677638358}}
