{"data_name": "task3", "model_name": "Masked-2KTweets-ConfliBERT-scr-cased", "seed": 123, "train_batch_size": 8, "epochs": 5, "result": {"mcc": 0.0, "tp": 0.0, "tn": 1176.0, "fp": 0.0, "fn": 766.0, "auroc": 0.436943282534946, "auprc": 0.3662824523768314, "eval_loss": 0.6891555754245554, "acc": 0.6055612770339855, "prec_micro": 0.6055612770339855, "prec_macro": 0.3027806385169928, "rec_micro": 0.6055612770339855, "rec_macro": 0.5, "f1_micro": 0.6055612770339855, "f1_macro": 0.37716484926234767}}
{"data_name": "task3", "model_name": "Masked-2KTweets-ConfliBERT-scr-uncased", "seed": 123, "train_batch_size": 8, "epochs": 5, "result": {"mcc": -0.03567791663285894, "tp": 431.0, "tn": 472.0, "fp": 704.0, "fn": 335.0, "auroc": 0.6164044599563062, "auprc": 0.62151383833479, "eval_loss": 0.9441361274003002, "acc": 0.4649845520082389, "prec_micro": 0.4649845520082389, "prec_macro": 0.48230898143447476, "rec_micro": 0.4649845520082389, "rec_macro": 0.48201186479813857, "f1_micro": 0.4649845520082389, "f1_macro": 0.4647459746615299}}
{"data_name": "task3", "model_name": "Masked-2KTweets-ConfliBERT-cont-cased", "seed": 123, "train_batch_size": 8, "epochs": 5, "result": {"mcc": -0.06691483864784861, "tp": 406.0, "tn": 473.0, "fp": 703.0, "fn": 360.0, "auroc": 0.6089589882950569, "auprc": 0.6069287838080026, "eval_loss": 0.9744040712162301, "acc": 0.4526261585993821, "prec_micro": 0.4526261585993821, "prec_macro": 0.4669613562286953, "rec_micro": 0.4526261585993821, "rec_macro": 0.4661184970071579, "f1_micro": 0.4526261585993821, "f1_macro": 0.45197385100381615}}
{"data_name": "task3", "model_name": "Masked-2KTweets-ConfliBERT-cont-uncased", "seed": 123, "train_batch_size": 8, "epochs": 5, "result": {"mcc": -0.09117165797817486, "tp": 391.0, "tn": 467.0, "fp": 709.0, "fn": 375.0, "auroc": 0.6122815314115202, "auprc": 0.6134634796770428, "eval_loss": 1.029992767260889, "acc": 0.44181256436663235, "prec_micro": 0.44181256436663235, "prec_macro": 0.4550431872165839, "rec_micro": 0.44181256436663235, "rec_macro": 0.45377635388359006, "f1_micro": 0.44181256436663235, "f1_macro": 0.4409563659115123}}
{"data_name": "task3", "model_name": "ConfliBERT-scr-cased", "seed": 123, "train_batch_size": 8, "epochs": 5, "result": {"mcc": 0.0, "tp": 0.0, "tn": 1176.0, "fp": 0.0, "fn": 766.0, "auroc": 0.6320719214578782, "auprc": 0.5073135553385568, "eval_loss": 0.6873686024190958, "acc": 0.6055612770339855, "prec_micro": 0.6055612770339855, "prec_macro": 0.3027806385169928, "rec_micro": 0.6055612770339855, "rec_macro": 0.5, "f1_micro": 0.6055612770339855, "f1_macro": 0.37716484926234767}}
{"data_name": "task3", "model_name": "ConfliBERT-scr-uncased", "seed": 123, "train_batch_size": 8, "epochs": 5, "result": {"mcc": 0.0, "tp": 0.0, "tn": 1176.0, "fp": 0.0, "fn": 766.0, "auroc": 0.53662401644731, "auprc": 0.4168201497007277, "eval_loss": 0.6886626082192723, "acc": 0.6055612770339855, "prec_micro": 0.6055612770339855, "prec_macro": 0.3027806385169928, "rec_micro": 0.6055612770339855, "rec_macro": 0.5, "f1_micro": 0.6055612770339855, "f1_macro": 0.37716484926234767}}
{"data_name": "task3", "model_name": "ConfliBERT-cont-cased", "seed": 123, "train_batch_size": 8, "epochs": 5, "result": {"mcc": -0.05695410323037077, "tp": 390.0, "tn": 509.0, "fp": 667.0, "fn": 376.0, "auroc": 0.6239342995683914, "auprc": 0.6137171964784448, "eval_loss": 0.9182855551870762, "acc": 0.4629248197734295, "prec_micro": 0.4629248197734295, "prec_macro": 0.47205501125132954, "rec_micro": 0.4629248197734295, "rec_macro": 0.4709807552263725, "f1_micro": 0.4629248197734295, "f1_macro": 0.46090056885401187}}
{"data_name": "task3", "model_name": "ConfliBERT-cont-uncased", "seed": 123, "train_batch_size": 8, "epochs": 5, "result": {"mcc": -0.0644717025147529, "tp": 394.0, "tn": 494.0, "fp": 682.0, "fn": 372.0, "auroc": 0.624168531642422, "auprc": 0.6143154573799343, "eval_loss": 0.8653665588471134, "acc": 0.4572605561277034, "prec_micro": 0.4572605561277034, "prec_macro": 0.4683049013968423, "rec_micro": 0.4572605561277034, "rec_macro": 0.4672141702634056, "f1_micro": 0.4572605561277034, "f1_macro": 0.4558176236067554}}
{"data_name": "task3", "model_name": "Masked-2KTweets-ConfliBERT-scr-cased", "seed": 123, "train_batch_size": 8, "epochs": 5, "result": {"mcc": 0.0, "tp": 0.0, "tn": 1176.0, "fp": 0.0, "fn": 766.0, "auroc": 0.436943282534946, "auprc": 0.3662824523768314, "eval_loss": 0.6891555754245554, "acc": 0.6055612770339855, "prec_micro": 0.6055612770339855, "prec_macro": 0.3027806385169928, "rec_micro": 0.6055612770339855, "rec_macro": 0.5, "f1_micro": 0.6055612770339855, "f1_macro": 0.37716484926234767}}
{"data_name": "task3", "model_name": "Masked-2KTweets-ConfliBERT-scr-uncased", "seed": 123, "train_batch_size": 8, "epochs": 5, "result": {"mcc": -0.03567791663285894, "tp": 431.0, "tn": 472.0, "fp": 704.0, "fn": 335.0, "auroc": 0.6164044599563062, "auprc": 0.62151383833479, "eval_loss": 0.9441361274003002, "acc": 0.4649845520082389, "prec_micro": 0.4649845520082389, "prec_macro": 0.48230898143447476, "rec_micro": 0.4649845520082389, "rec_macro": 0.48201186479813857, "f1_micro": 0.4649845520082389, "f1_macro": 0.4647459746615299}}
{"data_name": "task3", "model_name": "Masked-2KTweets-ConfliBERT-cont-cased", "seed": 123, "train_batch_size": 8, "epochs": 5, "result": {"mcc": -0.06691483864784861, "tp": 406.0, "tn": 473.0, "fp": 703.0, "fn": 360.0, "auroc": 0.6089589882950569, "auprc": 0.6069287838080026, "eval_loss": 0.9744040712162301, "acc": 0.4526261585993821, "prec_micro": 0.4526261585993821, "prec_macro": 0.4669613562286953, "rec_micro": 0.4526261585993821, "rec_macro": 0.4661184970071579, "f1_micro": 0.4526261585993821, "f1_macro": 0.45197385100381615}}
{"data_name": "task3", "model_name": "Masked-2KTweets-ConfliBERT-cont-uncased", "seed": 123, "train_batch_size": 8, "epochs": 5, "result": {"mcc": -0.09117165797817486, "tp": 391.0, "tn": 467.0, "fp": 709.0, "fn": 375.0, "auroc": 0.6122815314115202, "auprc": 0.6134634796770428, "eval_loss": 1.029992767260889, "acc": 0.44181256436663235, "prec_micro": 0.44181256436663235, "prec_macro": 0.4550431872165839, "rec_micro": 0.44181256436663235, "rec_macro": 0.45377635388359006, "f1_micro": 0.44181256436663235, "f1_macro": 0.4409563659115123}}
{"data_name": "task3", "model_name": "ConfliBERT-scr-cased", "seed": 123, "train_batch_size": 8, "epochs": 5, "result": {"mcc": 0.0, "tp": 0.0, "tn": 1176.0, "fp": 0.0, "fn": 766.0, "auroc": 0.6320719214578782, "auprc": 0.5073135553385568, "eval_loss": 0.6873686024190958, "acc": 0.6055612770339855, "prec_micro": 0.6055612770339855, "prec_macro": 0.3027806385169928, "rec_micro": 0.6055612770339855, "rec_macro": 0.5, "f1_micro": 0.6055612770339855, "f1_macro": 0.37716484926234767}}
{"data_name": "task3", "model_name": "ConfliBERT-scr-uncased", "seed": 123, "train_batch_size": 8, "epochs": 5, "result": {"mcc": 0.0, "tp": 0.0, "tn": 1176.0, "fp": 0.0, "fn": 766.0, "auroc": 0.53662401644731, "auprc": 0.4168201497007277, "eval_loss": 0.6886626082192723, "acc": 0.6055612770339855, "prec_micro": 0.6055612770339855, "prec_macro": 0.3027806385169928, "rec_micro": 0.6055612770339855, "rec_macro": 0.5, "f1_micro": 0.6055612770339855, "f1_macro": 0.37716484926234767}}
{"data_name": "task3", "model_name": "ConfliBERT-cont-cased", "seed": 123, "train_batch_size": 8, "epochs": 5, "result": {"mcc": -0.05695410323037077, "tp": 390.0, "tn": 509.0, "fp": 667.0, "fn": 376.0, "auroc": 0.6239342995683914, "auprc": 0.6137171964784448, "eval_loss": 0.9182855551870762, "acc": 0.4629248197734295, "prec_micro": 0.4629248197734295, "prec_macro": 0.47205501125132954, "rec_micro": 0.4629248197734295, "rec_macro": 0.4709807552263725, "f1_micro": 0.4629248197734295, "f1_macro": 0.46090056885401187}}
{"data_name": "task3", "model_name": "ConfliBERT-cont-uncased", "seed": 123, "train_batch_size": 8, "epochs": 5, "result": {"mcc": -0.0644717025147529, "tp": 394.0, "tn": 494.0, "fp": 682.0, "fn": 372.0, "auroc": 0.624168531642422, "auprc": 0.6143154573799343,