{"data_name": "task2", "model_name": "Masked-2KTweets-ConfliBERT-scr-cased", "seed": 123, "train_batch_size": 8, "epochs": 5, "result": {"mcc": 0.0, "tp": 0.0, "tn": 1176.0, "fp": 0.0, "fn": 766.0, "auroc": 0.27370350881867106, "auprc": 0.28415085562565984, "eval_loss": 0.692100662262842, "acc": 0.6055612770339855, "prec_micro": 0.6055612770339855, "prec_macro": 0.3027806385169928, "rec_micro": 0.6055612770339855, "rec_macro": 0.5, "f1_micro": 0.6055612770339855, "f1_macro": 0.37716484926234767}}
{"data_name": "task2", "model_name": "Masked-2KTweets-ConfliBERT-scr-uncased", "seed": 123, "train_batch_size": 8, "epochs": 5, "result": {"mcc": -0.8161949732476451, "tp": 134.0, "tn": 37.0, "fp": 1139.0, "fn": 632.0, "auroc": 0.017194410401236218, "auprc": 0.23151376176358573, "eval_loss": 7.9442290533717275, "acc": 0.08805355303810504, "prec_micro": 0.08805355303810504, "prec_macro": 0.08028479269923688, "rec_micro": 0.08805355303810504, "rec_macro": 0.1031986554412888, "f1_micro": 0.08805355303810504, "f1_macro": 0.08577268999762093}}
{"data_name": "task2", "model_name": "Masked-2KTweets-ConfliBERT-cont-cased", "seed": 123, "train_batch_size": 8, "epochs": 5, "result": {"mcc": -0.8909578250950558, "tp": 70.0, "tn": 31.0, "fp": 1145.0, "fn": 696.0, "auroc": 0.01533054475053729, "auprc": 0.23104592056222836, "eval_loss": 7.798303647296419, "acc": 0.052008238928939236, "prec_micro": 0.052008238928939236, "prec_macro": 0.050127079547834553, "rec_micro": 0.052008238928939236, "rec_macro": 0.05887217811406547, "f1_micro": 0.052008238928939236, "f1_macro": 0.0516257573591261}}
{"data_name": "task2", "model_name": "Masked-2KTweets-ConfliBERT-cont-uncased", "seed": 123, "train_batch_size": 8, "epochs": 5, "result": {"mcc": -0.836107345511063, "tp": 113.0, "tn": 39.0, "fp": 1137.0, "fn": 653.0, "auroc": 0.0186608585993144, "auprc": 0.23170369661036735, "eval_loss": 7.300713358592595, "acc": 0.07826982492276004, "prec_micro": 0.07826982492276004, "prec_macro": 0.07337919075144508, "rec_micro": 0.07826982492276004, "rec_macro": 0.09034142377577663, "f1_micro": 0.07826982492276004, "f1_macro": 0.0769295316270691}}
{"data_name": "task2", "model_name": "ConfliBERT-scr-cased", "seed": 123, "train_batch_size": 8, "epochs": 5, "result": {"mcc": -0.8463455087443218, "tp": 85.0, "tn": 57.0, "fp": 1119.0, "fn": 681.0, "auroc": 0.024885215182678805, "auprc": 0.23157539611288544, "eval_loss": 7.372996850268831, "acc": 0.07312049433573635, "prec_micro": 0.07312049433573635, "prec_macro": 0.07391688950112094, "rec_micro": 0.07312049433573635, "rec_macro": 0.07971772259817765, "f1_micro": 0.07312049433573635, "f1_macro": 0.0729277723851503}}
{"data_name": "task2", "model_name": "ConfliBERT-scr-uncased", "seed": 123, "train_batch_size": 8, "epochs": 5, "result": {"mcc": -0.6222231652874592, "tp": 239.0, "tn": 107.0, "fp": 1069.0, "fn": 527.0, "auroc": 0.16499373900996428, "auprc": 0.2537280067842731, "eval_loss": 1.15075703167621, "acc": 0.17816683831101957, "prec_micro": 0.17816683831101957, "prec_macro": 0.17574571431327718, "rec_micro": 0.17816683831101957, "rec_macro": 0.20149841921102646, "f1_micro": 0.1781668383110196, "f1_macro": 0.17435228053724888}}
{"data_name": "task2", "model_name": "ConfliBERT-cont-cased", "seed": 123, "train_batch_size": 8, "epochs": 5, "result": {"mcc": -0.8294107471860612, "tp": 71.0, "tn": 88.0, "fp": 1088.0, "fn": 695.0, "auroc": 0.03137266656009663, "auprc": 0.23193683606771529, "eval_loss": 6.462770375695248, "acc": 0.08187435633367662, "prec_micro": 0.08187435633367662, "prec_macro": 0.08682397848147157, "rec_micro": 0.08187435633367662, "rec_macro": 0.0837596135059768, "f1_micro": 0.08187435633367662, "f1_macro": 0.08180399488209594}}
{"data_name": "task2", "model_name": "ConfliBERT-cont-uncased", "seed": 123, "train_batch_size": 8, "epochs": 5, "result": {"mcc": -0.7878564977607081, "tp": 138.0, "tn": 58.0, "fp": 1118.0, "fn": 628.0, "auroc": 0.0718659526473775, "auprc": 0.24643765127021858, "eval_loss": 5.291490455713782, "acc": 0.10092687950566426, "prec_micro": 0.10092687950566426, "prec_macro": 0.09721035821061819, "rec_micro": 0.10092687950566426, "rec_macro": 0.11473819292730147, "f1_micro": 0.10092687950566426, "f1_macro": 0.09939855998623094}}
{"data_name": "task2", "model_name": "bert-base-cased", "seed": 123, "train_batch_size": 8, "epochs": 5, "result": {"mcc": -0.8206444798346734, "tp": 119.0, "tn": 47.0, "fp": 1129.0, "fn": 647.0, "auroc": 0.02483082005648212, "auprc": 0.23189944675441476, "eval_loss": 6.963620989410965, "acc": 0.0854788877445932, "prec_micro": 0.0854788877445932, "prec_macro": 0.08153795352102268, "rec_micro": 0.0854788877445932, "rec_macro": 0.0976592334061562, "f1_micro": 0.0854788877445932, "f1_macro": 0.08422008507293863}}
{"data_name": "task2", "model_name": "bert-base-uncased", "seed": 123, "train_batch_size": 8, "epochs": 5, "result": {"mcc": -0.7944694526028835, "tp": 135.0, "tn": 55.0, "fp": 1121.0, "fn": 631.0, "auroc": 0.02920241203531022, "auprc": 0.23225302462927608, "eval_loss": 7.102325904516526, "acc": 0.09783728115345006, "prec_micro": 0.09783728115345006, "prec_macro": 0.09382950177341182, "rec_micro": 0.09783728115345006, "rec_macro": 0.11150445818013889, "f1_micro": 0.09783728115345006, "f1_macro": 0.09630370967690527}}
