{"data_name": "task1", "model_name": "Masked-2KTweets-ConfliBERT-scr-cased", "seed": 123, "train_batch_size": 8, "epochs": 5, "result": {"mcc": 0.722146491677161, "tp": 617.0, "tn": 1069.0, "fp": 107.0, "fn": 149.0, "auroc": 0.9086172980941724, "auprc": 0.8798254988107042, "eval_loss": 0.41983445997468727, "acc": 0.8681771369721936, "prec_micro": 0.8681771369721936, "prec_macro": 0.8649391267270863, "rec_micro": 0.8681771369721936, "rec_macro": 0.8572483170814018, "f1_micro": 0.8681771369721936, "f1_macro": 0.8606269588961217}}
{"data_name": "task1", "model_name": "Masked-2KTweets-ConfliBERT-scr-uncased", "seed": 123, "train_batch_size": 8, "epochs": 5, "result": {"mcc": 0.9170622225856191, "tp": 729.0, "tn": 1136.0, "fp": 40.0, "fn": 37.0, "auroc": 0.9918296300243336, "auprc": 0.9883125801653317, "eval_loss": 0.2528644548361971, "acc": 0.9603501544799176, "prec_micro": 0.9603501544799176, "prec_macro": 0.9582206716575927, "rec_micro": 0.9603501544799176, "rec_macro": 0.9588417612475799, "f1_micro": 0.9603501544799176, "f1_macro": 0.9585286136036819}}
{"data_name": "task1", "model_name": "Masked-2KTweets-ConfliBERT-cont-cased", "seed": 123, "train_batch_size": 8, "epochs": 5, "result": {"mcc": 0.8980633644920608, "tp": 726.0, "tn": 1121.0, "fp": 55.0, "fn": 40.0, "auroc": 0.9840644482336015, "auprc": 0.9752191848672047, "eval_loss": 0.3043527940162189, "acc": 0.951081359423275, "prec_micro": 0.951081359423275, "prec_macro": 0.9475622035399304, "rec_micro": 0.951081359423275, "rec_macro": 0.9505059856840908, "f1_micro": 0.951081359423275, "f1_macro": 0.9489702072198485}}
{"data_name": "task1", "model_name": "Masked-2KTweets-ConfliBERT-cont-uncased", "seed": 123, "train_batch_size": 8, "epochs": 5, "result": {"mcc": 0.9165969388682583, "tp": 738.0, "tn": 1126.0, "fp": 50.0, "fn": 28.0, "auroc": 0.9910914104545212, "auprc": 0.9868619598570147, "eval_loss": 0.2755196400775811, "acc": 0.9598352214212152, "prec_micro": 0.9598352214212152, "prec_macro": 0.9561423959038964, "rec_micro": 0.9598352214212152, "rec_macro": 0.9604647341965507, "f1_micro": 0.9598352214212152, "f1_macro": 0.9581652774785822}}
{"data_name": "task1", "model_name": "ConfliBERT-scr-cased", "seed": 123, "train_batch_size": 8, "epochs": 5, "result": {"mcc": 0.8767561590808254, "tp": 718.0, "tn": 1109.0, "fp": 67.0, "fn": 48.0, "auroc": 0.9829454627804125, "auprc": 0.9738263402242884, "eval_loss": 0.3651884435038569, "acc": 0.9407826982492276, "prec_micro": 0.9407826982492276, "prec_macro": 0.9365815391221533, "rec_micro": 0.9407826982492276, "rec_macro": 0.9401820127528818, "f1_micro": 0.9407826982492276, "f1_macro": 0.9382807657241998}}
{"data_name": "task1", "model_name": "ConfliBERT-scr-uncased", "seed": 123, "train_batch_size": 8, "epochs": 5, "result": {"mcc": 0.8944177816695389, "tp": 731.0, "tn": 1112.0, "fp": 64.0, "fn": 35.0, "auroc": 0.9886447398802863, "auprc": 0.9821418910403267, "eval_loss": 0.3043061088611006, "acc": 0.9490216271884655, "prec_micro": 0.9490216271884655, "prec_macro": 0.9444912349964085, "rec_micro": 0.9490216271884655, "rec_macro": 0.9499431626436476, "f1_micro": 0.9490216271884655, "f1_macro": 0.9469809053712658}}
{"data_name": "task1", "model_name": "ConfliBERT-cont-cased", "seed": 123, "train_batch_size": 8, "epochs": 5, "result": {"mcc": 0.8854776575094195, "tp": 706.0, "tn": 1130.0, "fp": 46.0, "fn": 60.0, "auroc": 0.9856263654286781, "auprc": 0.9781842699373064, "eval_loss": 0.34984967594236543, "acc": 0.945417095777549, "prec_micro": 0.945417095777549, "prec_macro": 0.9442048095834078, "rec_micro": 0.945417095777549, "rec_macro": 0.9412776860091295, "f1_micro": 0.945417095777549, "f1_macro": 0.9426849627518523}}
{"data_name": "task1", "model_name": "ConfliBERT-cont-uncased", "seed": 123, "train_batch_size": 8, "epochs": 5, "result": {"mcc": 0.9148648906783078, "tp": 727.0, "tn": 1136.0, "fp": 40.0, "fn": 39.0, "auroc": 0.989903598515124, "auprc": 0.9853577417184892, "eval_loss": 0.2984505787051588, "acc": 0.9593202883625128, "prec_micro": 0.9593202883625128, "prec_macro": 0.9573286360231907, "rec_micro": 0.9593202883625128, "rec_macro": 0.9575362782188593, "f1_micro": 0.9593202883625129, "f1_macro": 0.9574321679051232}}
{"data_name": "task1", "model_name": "bert-base-cased", "seed": 123, "train_batch_size": 8, "epochs": 5, "result": {"mcc": 0.8985250380706329, "tp": 715.0, "tn": 1133.0, "fp": 43.0, "fn": 51.0, "auroc": 0.9885526011971367, "auprc": 0.9784515111548677, "eval_loss": 0.3141747861836361, "acc": 0.9515962924819773, "prec_micro": 0.9515962924819773, "prec_macro": 0.950098721742851, "rec_micro": 0.9515962924819773, "rec_macro": 0.948427869842454, "f1_micro": 0.9515962924819773, "f1_macro": 0.9492448507495885}}
{"data_name": "task1", "model_name": "bert-base-uncased", "seed": 123, "train_batch_size": 8, "epochs": 5, "result": {"mcc": 0.9104769837269799, "tp": 723.0, "tn": 1136.0, "fp": 40.0, "fn": 43.0, "auroc": 0.989139846539138, "auprc": 0.9835434585676743, "eval_loss": 0.2827107472848681, "acc": 0.9572605561277034, "prec_micro": 0.9572605561277034, "prec_macro": 0.9555518871647453, "rec_micro": 0.9572605561277034, "rec_macro": 0.9549253121614181, "f1_micro": 0.9572605561277034, "f1_macro": 0.9552359964952184}}
