{"data_name": "task3", "model_name": "Masked-2KTweets-ConfliBERT-scr-cased", "seed": 123, "train_batch_size": 8, "epochs": 5, "result": {"mcc": 0.0, "tp": 0.0, "tn": 1176.0, "fp": 0.0, "fn": 766.0, "auroc": 0.7130701497309107, "auprc": 0.5769587972214847, "eval_loss": 0.670690324326111, "acc": 0.6055612770339855, "prec_micro": 0.6055612770339855, "prec_macro": 0.3027806385169928, "rec_micro": 0.6055612770339855, "rec_macro": 0.5, "f1_micro": 0.6055612770339855, "f1_macro": 0.37716484926234767}}
{"data_name": "task3", "model_name": "Masked-2KTweets-ConfliBERT-scr-uncased", "seed": 123, "train_batch_size": 8, "epochs": 5, "result": {"mcc": 0.8607395502675481, "tp": 674.0, "tn": 1139.0, "fp": 37.0, "fn": 92.0, "auroc": 0.9826057707678372, "auprc": 0.9613120075837831, "eval_loss": 0.39612904570696383, "acc": 0.9335736354273945, "prec_micro": 0.9335736354273945, "prec_macro": 0.9366123159221289, "rec_micro": 0.9335736354273945, "rec_macro": 0.9242164881618444, "f1_micro": 0.9335736354273945, "f1_macro": 0.9295335569157774}}
{"data_name": "task3", "model_name": "Masked-2KTweets-ConfliBERT-cont-cased", "seed": 123, "train_batch_size": 8, "epochs": 5, "result": {"mcc": 0.8923744347314699, "tp": 719.0, "tn": 1123.0, "fp": 53.0, "fn": 47.0, "auroc": 0.9811160103728176, "auprc": 0.9632678825783249, "eval_loss": 0.345193200877093, "acc": 0.9485066941297632, "prec_micro": 0.9485066941297632, "prec_macro": 0.9455881050440635, "rec_micro": 0.9485066941297632, "rec_macro": 0.9467871352196231, "f1_micro": 0.9485066941297633, "f1_macro": 0.9461773740988452}}
{"data_name": "task3", "model_name": "Masked-2KTweets-ConfliBERT-cont-uncased", "seed": 123, "train_batch_size": 8, "epochs": 5, "result": {"mcc": 0.8745639556862669, "tp": 694.0, "tn": 1132.0, "fp": 44.0, "fn": 72.0, "auroc": 0.9794963677376957, "auprc": 0.9648142922326876, "eval_loss": 0.4087197405152052, "acc": 0.9402677651905252, "prec_micro": 0.9402677651905252, "prec_macro": 0.9402893696711054, "rec_micro": 0.9402677651905252, "rec_macro": 0.9342951279728602, "f1_micro": 0.9402677651905252, "f1_macro": 0.9370664223136064}}
{"data_name": "task3", "model_name": "ConfliBERT-scr-cased", "seed": 123, "train_batch_size": 8, "epochs": 5, "result": {"mcc": 0.8442395161710663, "tp": 683.0, "tn": 1115.0, "fp": 61.0, "fn": 83.0, "auroc": 0.9751958224543081, "auprc": 0.9603587980533032, "eval_loss": 0.37136950085625636, "acc": 0.925849639546859, "prec_micro": 0.925849639546859, "prec_macro": 0.9243643078966737, "rec_micro": 0.925849639546859, "rec_macro": 0.9198870801584341, "f1_micro": 0.925849639546859, "f1_macro": 0.9219893214012731}}
{"data_name": "task3", "model_name": "ConfliBERT-scr-uncased", "seed": 123, "train_batch_size": 8, "epochs": 5, "result": {"mcc": 0.8514247330079943, "tp": 661.0, "tn": 1143.0, "fp": 33.0, "fn": 105.0, "auroc": 0.9726436919415287, "auprc": 0.9433980864833917, "eval_loss": 0.39949628284722977, "acc": 0.9289392378990731, "prec_micro": 0.9289392378990731, "prec_macro": 0.9341574761693638, "rec_micro": 0.9289392378990731, "rec_macro": 0.9174315287472692, "f1_micro": 0.9289392378990731, "f1_macro": 0.9242743794927437}}
{"data_name": "task3", "model_name": "ConfliBERT-cont-cased", "seed": 123, "train_batch_size": 8, "epochs": 5, "result": {"mcc": 0.8615356740501239, "tp": 687.0, "tn": 1127.0, "fp": 49.0, "fn": 79.0, "auroc": 0.9795896165254614, "auprc": 0.9713733348384173, "eval_loss": 0.4289577505765066, "acc": 0.9340885684860968, "prec_micro": 0.9340885684860968, "prec_macro": 0.9339590543658519, "rec_micro": 0.9340885684860968, "rec_macro": 0.9276000870322019, "f1_micro": 0.9340885684860968, "f1_macro": 0.9305219684696924}}
{"data_name": "task3", "model_name": "ConfliBERT-cont-uncased", "seed": 123, "train_batch_size": 8, "epochs": 5, "result": {"mcc": 0.8499526390940539, "tp": 666.0, "tn": 1137.0, "fp": 39.0, "fn": 100.0, "auroc": 0.975113674712705, "auprc": 0.9640107305717176, "eval_loss": 0.49149817173043936, "acc": 0.9284243048403708, "prec_micro": 0.9284243048403708, "prec_macro": 0.9319200536644937, "rec_micro": 0.9284243048403708, "rec_macro": 0.9181442159109074, "f1_micro": 0.9284243048403708, "f1_macro": 0.9239509083333168}}
{"data_name": "task3", "model_name": "bert-base-cased", "seed": 123, "train_batch_size": 8, "epochs": 5, "result": {"mcc": 0.883829847382852, "tp": 716.0, "tn": 1118.0, "fp": 58.0, "fn": 50.0, "auroc": 0.9749416084971847, "auprc": 0.9295320375678692, "eval_loss": 0.3559417623943657, "acc": 0.9443872296601442, "prec_micro": 0.9443872296601442, "prec_macro": 0.941128190152561, "rec_micro": 0.9443872296601442, "rec_macro": 0.9427030603364062, "f1_micro": 0.9443872296601442, "f1_macro": 0.9418975222729489}}
{"data_name": "task3", "model_name": "bert-base-uncased", "seed": 123, "train_batch_size": 8, "epochs": 5, "result": {"mcc": 0.8909578250950558, "tp": 696.0, "tn": 1145.0, "fp": 31.0, "fn": 70.0, "auroc": 0.9833217882453243, "auprc": 0.970032544294391, "eval_loss": 0.3495575518710462, "acc": 0.9479917610710608, "prec_micro": 0.9479917610710608, "prec_macro": 0.9498729204521654, "rec_micro": 0.9479917610710608, "rec_macro": 0.9411278218859345, "f1_micro": 0.9479917610710608, "f1_macro": 0.9450546156705641}}
