{"data_name": "task2", "model_name": "ConfliBERT-scr-uncased", "seed": 123, "train_batch_size": 8, "epochs": 10, "result": {"mcc": 0.43906235149628375, "tp": 289.0, "tn": 1131.0, "fp": 45.0, "fn": 477.0, "auroc": 0.694219463242216, "auprc": 0.7050237681065357, "eval_loss": 2.4989404676603435, "acc": 0.7312049433573635, "prec_micro": 0.7312049433573635, "prec_macro": 0.7843138350165341, "rec_micro": 0.7312049433573635, "rec_macro": 0.669509644588906, "f1_micro": 0.7312049433573636, "f1_macro": 0.6689772727272727}}
{"data_name": "task2", "model_name": "ConfliBERT-cont-uncased", "seed": 123, "train_batch_size": 8, "epochs": 10, "result": {"mcc": 0.4323025368593912, "tp": 269.0, "tn": 1141.0, "fp": 35.0, "fn": 497.0, "auroc": 0.6847758032717004, "auprc": 0.6965474977252449, "eval_loss": 2.5356399907795106, "acc": 0.7260556127703398, "prec_micro": 0.7260556127703398, "prec_macro": 0.7907248088169141, "rec_micro": 0.7260556127703398, "rec_macro": 0.6607065149819719, "f1_micro": 0.7260556127703398, "f1_macro": 0.6568745059747989}}
