{"data_name": "4k_tweets", "model_name": "ConfliBERT-scr-uncased", "seed": 123, "train_batch_size": 8, "epochs": 10, "result": {"mcc": 0.9038141433016494, "tp": 733.0, "tn": 1119.0, "fp": 57.0, "fn": 33.0, "auroc": 0.9884238290616508, "auprc": 0.9820846632754754, "eval_loss": 0.4075545613233412, "acc": 0.9536560247167868, "prec_micro": 0.9536560247167868, "prec_macro": 0.9496011339662447, "rec_micro": 0.9536560247167868, "rec_macro": 0.9542248361485586, "f1_micro": 0.9536560247167868, "f1_macro": 0.951749794609493}}
{"data_name": "4k_tweets", "model_name": "ConfliBERT-cont-uncased", "seed": 123, "train_batch_size": 8, "epochs": 10, "result": {"mcc": 0.9000012999786074, "tp": 724.0, "tn": 1125.0, "fp": 51.0, "fn": 42.0, "auroc": 0.9887424290865171, "auprc": 0.9832600347511221, "eval_loss": 0.4113677755742301, "acc": 0.9521112255406797, "prec_micro": 0.9521112255406797, "prec_macro": 0.9491019155817232, "rec_micro": 0.9521112255406797, "rec_macro": 0.950901182927479, "f1_micro": 0.9521112255406797, "f1_macro": 0.9499784382657219}}
