{"data_name": "task3", "model_name": "ConfliBERT-scr-uncased", "seed": 123, "train_batch_size": 8, "epochs": 10, "result": {"mcc": 0.8539615631723935, "tp": 678.0, "tn": 1129.0, "fp": 47.0, "fn": 88.0, "auroc": 0.9739436244471679, "auprc": 0.9548770461606021, "eval_loss": 0.5814729220409065, "acc": 0.9304840370751802, "prec_micro": 0.9304840370751802, "prec_macro": 0.931431728671408, "rec_micro": 0.9304840370751802, "rec_macro": 0.9225757535390136, "f1_micro": 0.9304840370751802, "f1_macro": 0.926521099013639}}
{"data_name": "task3", "model_name": "ConfliBERT-cont-uncased", "seed": 123, "train_batch_size": 8, "epochs": 10, "result": {"mcc": 0.8469521089109044, "tp": 660.0, "tn": 1140.0, "fp": 36.0, "fn": 106.0, "auroc": 0.962783742739916, "auprc": 0.9505758374586915, "eval_loss": 0.7010425882749718, "acc": 0.9268795056642637, "prec_micro": 0.9268795056642637, "prec_macro": 0.9316018154646593, "rec_micro": 0.9268795056642637, "rec_macro": 0.9155032770288272, "f1_micro": 0.9268795056642637, "f1_macro": 0.9221217724890736}}
