mcc,tp,tn,fp,fn,auroc,auprc,eval_loss,acc,prec_micro,prec_macro,rec_micro,rec_macro,f1_micro,f1_macro,data_name,model_name,seed,train_batch_size,epoch
0.32374751281097347,1186.0,1295.0,580.0,689.0,0.7259312355555556,0.6783419283937011,0.6039389087193048,0.6616,0.6616,0.6621479765644979,0.6616,0.6616,0.6616,0.6613138538593922,marathi,ConfliBERT-scr-uncased,123,8,1
0.0,0.0,1875.0,0.0,1875.0,0.7545708088888888,0.732180128189242,0.6930622657987354,0.5,0.5,0.25,0.5,0.5,0.5,0.3333333333333333,marathi,ConfliBERT-cont-uncased,123,8,1
0.0,1875.0,0.0,1875.0,0.0,0.53086592,0.5198430320886014,0.6937621897980094,0.5,0.5,0.25,0.5,0.5,0.5,0.3333333333333333,marathi,ConfliBERT-scr-uncased,123,8,1
0.0,0.0,1875.0,0.0,1875.0,0.6993609955555555,0.673361224035113,0.6959693682219174,0.5,0.5,0.25,0.5,0.5,0.5,0.3333333333333333,marathi,ConfliBERT-scr-uncased,123,8,2
0.0,1875.0,0.0,1875.0,0.0,0.6227036444444445,0.6191378565555039,0.7178633000169482,0.5,0.5,0.25,0.5,0.5,0.5,0.3333333333333333,marathi,ConfliBERT-scr-uncased,123,8,3
0.3423353118584124,1723.0,687.0,1188.0,152.0,0.6472499199999999,0.5833903293521865,0.6497162431160778,0.6426666666666667,0.6426666666666667,0.7053623815628443,0.6426666666666667,0.6426666666666667,0.6426666666666667,0.6131402663319476,marathi,ConfliBERT-scr-uncased,123,8,4
0.32487319795995234,1118.0,1361.0,514.0,757.0,0.7234818844444444,0.6840073551086892,0.6127220092933061,0.6610666666666667,0.6610666666666667,0.6638181830805977,0.6610666666666667,0.6610666666666667,0.6610666666666667,0.6596374707920212,marathi,ConfliBERT-scr-uncased,123,8,5
