{"data_name": "marathi", "model_name": "ConfliBERT-scr-uncased", "seed": 123, "train_batch_size": 8, "epochs": 1, "result": {"mcc": 0.32374751281097347, "tp": 1186.0, "tn": 1295.0, "fp": 580.0, "fn": 689.0, "auroc": 0.7259312355555556, "auprc": 0.6783419283937011, "eval_loss": 0.6039389087193048, "acc": 0.6616, "prec_micro": 0.6616, "prec_macro": 0.6621479765644979, "rec_micro": 0.6616, "rec_macro": 0.6616, "f1_micro": 0.6616, "f1_macro": 0.6613138538593922}}
{"data_name": "marathi", "model_name": "ConfliBERT-cont-uncased", "seed": 123, "train_batch_size": 8, "epochs": 1, "result": {"mcc": 0.0, "tp": 0.0, "tn": 1875.0, "fp": 0.0, "fn": 1875.0, "auroc": 0.7545708088888888, "auprc": 0.732180128189242, "eval_loss": 0.6930622657987354, "acc": 0.5, "prec_micro": 0.5, "prec_macro": 0.25, "rec_micro": 0.5, "rec_macro": 0.5, "f1_micro": 0.5, "f1_macro": 0.3333333333333333}}
{"data_name": "marathi", "model_name": "ConfliBERT-scr-uncased", "seed": 123, "train_batch_size": 8, "epochs": 5, "result": {"mcc": 0.32487319795995234, "tp": 1118.0, "tn": 1361.0, "fp": 514.0, "fn": 757.0, "auroc": 0.7234818844444444, "auprc": 0.6840073551086892, "eval_loss": 0.6127220092933061, "acc": 0.6610666666666667, "prec_micro": 0.6610666666666667, "prec_macro": 0.6638181830805977, "rec_micro": 0.6610666666666667, "rec_macro": 0.6610666666666667, "f1_micro": 0.6610666666666667, "f1_macro": 0.6596374707920212}}
